"ID","Peaks","RiseTime","Latency"
"PP1_L06hz_C1_21_2_17",-44.99093646832196,1.1214611477266772,2.0438270318106446
"PP1_L06hz_C1_21_2_17",-28.94306468939876,0.5916148439705012,3.289419976121417
"PP1_L06hz_C1_21_2_17",-21.452276830179283,0.22382958587106716,3.8625078739957193
"PP1_L06hz_C1_21_2_17",-30.473808311371215,0.7011785283071732,2.9368475314113085
"PP1_L06hz_C1_21_2_17",-24.665741728923,0.9836376400085897,2.934050209992097
"PP1_L06hz_C1_21_2_17",-22.111261559672563,0.7087223257871756,2.8428995033403113
"PP1_L06hz_C1_21_2_17",-19.725784362549803,1.3857082779991061,28.647236240224302
"PP1_L06hz_C1_21_2_17",21.403643372761778,0.07375193127667216,1.2736099081895647
"PP1_L06hz_C1_21_2_17",-19.968952315737052,0.07138283230714251,5.093755885548706
"PP1_L06hz_C1_21_2_17",-45.877280811864544,2.5332823070172483,2.69195958354602
"PP2_L06hz_C1_21_02_17",-69.26316481370192,1.024326030007137,3.206883781852821
"PP2_L06hz_C1_21_02_17",-55.62415489783654,0.48577246283127806,3.0633473389355914
"PP2_L06hz_C1_21_02_17",-46.36324368990385,0.31441927637579287,3.3712425255903558
"PP2_L06hz_C1_21_02_17",-25.728665865384617,0.8010270498732098,3.1671118624964723
"PP2_L06hz_C1_21_02_17",-52.032470703125,1.0363533697631966,2.8424177292046124
"PP2_L06hz_C1_21_02_17",-49.83755258413461,0.5263477698771795,22.829605688429208
"PP2_L06hz_C1_21_02_17",-23.72154822716346,0.6231291333101127,3.1264984336930186
"PP1_L1hz_C1_21_2_17",-39.76282524017699,0.8181304561325533,3.78481813793336
"PP1_L1hz_C1_21_2_17",-27.930271400190684,0.6475304552002854,3.0919812239650812
"PP1_L1hz_C1_21_2_17",-45.74597134913106,1.3784454784128117,2.9325168444000727
"PP1_L1hz_C1_21_2_17",-44.82922960942485,0.6900502125912908,3.411609143723422
"PP1_L1hz_C1_21_2_17",-33.694565714592954,1.122361277072912,3.0936036724438396
"PP1_L1hz_C1_21_2_17",-36.053297571926954,0.4456964672187951,3.373808465196203
"PP1_L1hz_C1_21_2_17",-31.580221275884316,0.9544281543101989,2.90668748285284
"PP1_L1hz_C1_21_2_17",-27.13754266809182,1.1476151395364356,1.7168277884528493
"PP1_L1hz_C1_21_2_17",-78.43503914031375,0.7254510529311233,3.0873690950483823
"PP1_L1hz_C1_21_2_17",-72.78989305439224,0.5849307484519727,3.0786466362920124
"PP1_L1hz_C1_21_2_17",-23.97392806398916,0.05748129437340595,12.604197842710983
"PP1_L1hz_C1_21_2_17",-29.389277891333833,0.5820897103638117,3.6090596718231156
"PP1_L1hz_C1_21_2_17",-29.59597103030558,0.365239186139138,1.779198914062522
"PP2_L1hz_C1_21_2_17",-55.72979266826923,0.9669230769230808,2.8271794871795013
"PP2_L1hz_C1_21_2_17",-58.135986328125,0.7312484700122468,73.32973888208895
"PP2_L1hz_C1_21_2_17",-44.77867713341346,0.6231885302197725,45.14666609432236
"PP2_L1hz_C1_21_2_17",-43.73403695913461,1.7358653846153858,17.049070512820528
"PP2_L1hz_C1_21_2_17",-31.66785606971154,0.5411700064641082,3.6409286791639945
"PP2_L1hz_C1_21_2_17",-44.71998948317308,0.7454071569456119,3.503010237625631
"PP2_L1hz_C1_21_2_17",-25.75214092548077,0.737863777089774,2.9724259744383748
"PP2_L1hz_C1_21_2_17",-49.47368915264423,0.4434440559440418,70.97316433566435
"PP2_L1hz_C1_21_2_17",-27.219332181490383,0.6135164835164915,3.627142857142849
"PP2_L1hz_C1_21_2_17",-30.036339393028847,0.836267041901192,3.956028559516358
"PP2_L1hz_C1_21_2_17",-28.04095928485577,0.47800152228724074,3.606976991262718
"PP2_L1hz_C1_21_2_17",-33.48717322716346,0.9294602162246293,3.5348668688911404
"PP2_L1hz_C1_21_2_17",21.59705528846154,0.6208791208791127,68.24139194139195
"PP2_L1hz_C1_21_2_17",-31.55048076923077,1.3524093645484982,3.1503661092530595
"PP2_L1hz_C1_21_2_17",-32.3486328125,1.026727272727294,59.39503030303029
"PP1_L4hz_C1_21_2_17",-49.73514051171413,0.6235612187089942,3.7951096424521324
"PP1_L4hz_C1_21_2_17",-57.96759433765335,0.8096033375943193,3.35390537226956
"PP1_L4hz_C1_21_2_17",-37.41990047622012,0.35531595048377085,3.721892525137548
"PP1_L4hz_C1_21_2_17",-63.308775749814465,0.6469980896780498,3.1766927427478553
"PP1_L4hz_C1_21_2_17",-30.68536496257402,0.7177933804603072,3.365193139839448
"PP1_L4hz_C1_21_2_17",-23.57513320683483,0.3349465031391901,4.405122789673487
"PP1_L4hz_C1_21_2_17",-36.4812732531255,0.8586707272851982,3.6147670572093036
"PP1_L4hz_C1_21_2_17",-60.8454823588945,0.6337331812570824,3.2948463602958444
"PP1_L4hz_C1_21_2_17",-36.19555078179713,0.993062564501372,3.332505039330181
"PP1_L4hz_C1_21_2_17",-70.85062495835749,0.594687210371012,3.4060019930735397
"PP1_L4hz_C1_21_2_17",-46.39766022693588,0.9360272473246596,2.651038282360685
"PP1_L4hz_C1_21_2_17",-50.49747448058361,0.8646149724872999,3.2466576762636237
"PP1_L4hz_C1_21_2_17",-64.09542320828989,0.5593192770987457,3.5333371163156815
"PP1_L4hz_C1_21_2_17",-63.3039103922141,0.5787981832083233,3.5259816071868957
"PP1_L4hz_C1_21_2_17",-63.077768652562604,0.5844696192571973,3.3896247226895984
"PP1_L4hz_C1_21_2_17",-76.30002684232248,1.401274892357003,2.3208119279616883
"PP1_L4hz_C1_21_2_17",-33.204585262503755,1.1517775001545147,18.222448677264232
"PP1_L4hz_C1_21_2_17",-19.763475395293824,0.05112707066471103,45.21478821555882
"PP1_L4hz_C1_21_2_17",-29.60205067486402,0.9201481428286912,3.5012839579681216
"PP1_L4hz_C1_21_2_17",-57.72928815818878,0.7175093504850566,3.322949018382701
"PP1_L4hz_C1_21_2_17",-81.07462063348626,0.6079846952086883,3.3722435142020233
"PP1_L4hz_C1_21_2_17",-53.83251991689917,0.44111006618855986,3.354725859818484
"PP1_L4hz_C1_21_2_17",-38.63087783676695,1.049847187468663,22.3765099493339
"PP1_L4hz_C1_21_2_17",-82.62482400470046,1.3931225243901737,3.61119614686138
"PP1_L4hz_C1_21_2_17",-43.670531122807965,6.306704054957686,16.62545036178607
"PP1_L4hz_C1_21_2_17",-69.04875427793222,0.639394429872175,3.6968446144947964
"PP1_L4hz_C1_21_2_17",-50.24701191419624,0.9011044188173287,2.2599299320151434
"PP1_L4hz_C1_21_2_17",-38.97739063601095,0.9031221071723053,3.6721032384168897
"PP1_L4hz_C1_21_2_17",-51.3704460978033,0.6964900293598589,2.8157936010694473
"PP1_L4hz_C1_21_2_17",-93.5467181528707,0.6522002897088215,3.6168303360235314
"PP1_L4hz_C1_21_2_17",-58.096472358323666,0.6265446300865961,3.8376891168046314
"PP1_L4hz_C1_21_2_17",-83.07224914657168,1.308421492000332,2.6366716949886837
"PP2_L4hz_C1_21_2_17",-48.29993614783654,0.30618799804844915,71.48325201929855
"PP2_L4hz_C1_21_2_17",-40.67054161658654,1.66846153846152,38.20875000000001
"PP2_L4hz_C1_21_2_17",-60.4248046875,1.1091333333333295,3.25195555555556
"PP2_L4hz_C1_21_2_17",-76.25873272235577,0.9783668414918566,3.555975621600601
"PP2_L4hz_C1_21_2_17",-211.2872745807354,3.173517719001825,19.56760031184372
"PP2_L4hz_C1_21_2_17",-61.62203275240385,1.08825910931173,2.3680161943319944
"PP2_L4hz_C1_21_2_17",-50.44790414663461,0.8572832438878777,74.43459670045718
"PP2_L4hz_C1_21_2_17",-50.92914287860577,0.4632796728158837,3.4681073790462733
"PP2_L4hz_C1_21_2_17",-66.54005402785081,0.5829596703183143,3.7835050349601946
"PP2_L4hz_C1_21_2_17",-48.44078650841346,1.4609615384615382,2.388205128205118
"PP2_L4hz_C1_21_2_17",-66.05881911057692,1.0642398190045241,3.079552036199107
"PP2_L4hz_C1_21_2_17",-46.09328049879808,0.7624726345778982,2.3677857749787563
"PP2_L4hz_C1_21_2_17",-42.79503455528846,0.2976896086369834,3.3713369320737687
"PP2_L4hz_C1_21_2_17",-43.11194786658654,0.7265943458251058,3.798485645408732
"PP2_L4hz_C1_21_2_17",-36.63283128004808,1.1073378582202167,2.352938662644533
"PP2_L4hz_C1_21_2_17",-142.37623185377853,1.374747378787879,3.1319606487956437
"PP2_L4hz_C1_21_2_17",-35.86989182692308,0.9453222453222452,3.4226472626472515
"PP2_L4hz_C1_21_2_17",-82.69089918870192,1.0458877600386813,3.233422028705059
"PP2_L4hz_C1_21_2_17",-23.451585036057693,0.4517115384615409,2.663564102564101
"PP2_L4hz_C1_21_2_17",-58.15946138822115,0.8026270604395678,3.2700950091575125
"PP2_L4hz_C1_21_2_17",-48.26472355769231,0.6931072874494021,49.43989541160593
"PP2_L4hz_C1_21_2_17",-50.70612980769231,1.7404312354312426,2.238271173271164
"PP2_L4hz_C1_21_2_17",-109.85154753464919,3.806391928086623,36.583656909044386
"PP2_L4hz_C1_21_2_17",-58.32378680889423,1.6667628205128269,2.107585470085451
"PP2_L4hz_C1_21_2_17",-27.04326923076923,1.1790609390609461,2.8791774891774824
"PP2_L4hz_C1_21_2_17",-86.99857653104343,1.1753406431711255,3.5280439685766396
"PP2_L4hz_C1_21_2_17",-34.12099984975961,0.5261510489510556,3.5497240093239952
"PP2_L4hz_C1_21_2_17",-83.53600135216347,1.4591692307692257,2.141671794871809
"PP2_L4hz_C1_21_2_17",-29.895489032451923,1.1537622549019717,2.0891984037204567
"PP2_L4hz_C1_21_2_17",-42.78329702524039,0.9369230769230854,3.6146153846153766
"PP2_L4hz_C1_21_2_17",-59.83792818509615,0.6443625605164244,4.393437331898849
"PP2_L4hz_C1_21_2_17",-41.12830528846154,0.5817399267399196,3.4746031746031805
"PP2_L4hz_C1_21_2_17",-40.06019005408654,0.45991470223325454,3.8278970223325133
"PP2_L4hz_C1_21_2_17",-71.65762094350961,1.6850987248046068,2.3215583436171756
"PP2_L4hz_C1_21_2_17",-38.78079927884615,0.8800978176752778,25.310458236599086
"PP1_Nl06hz_C1_21_2_17",-33.469637076693225,0.9223248183735564,3.1374447308804068
"PP1_Nl06hz_C1_21_2_17",-15.835097111553784,0.15944223107569544,10.250347182697784
"PP1_Nl06hz_C1_21_2_17",-30.665910576444222,0.9396989818503698,2.84679799321234
"PP1_Nl06hz_C1_21_2_17",-83.9634625560259,0.7679118051603155,2.9093257130209285
"PP1_Nl06hz_C1_21_2_17",-38.74030246202689,0.388713792919134,3.2438495621915537
"PP1_Nl06hz_C1_21_2_17",-57.766978959163346,0.6504935812306258,3.2223520731887336
"PP1_Nl06hz_C1_21_2_17",-32.3218843376494,1.0081651173085333,2.626556736018893
"PP1_Nl06hz_C1_21_2_17",-55.56995650211653,1.3359624160001546,2.003767053756576
"PP1_Nl06hz_C1_21_2_17",-66.29974243650399,1.749048251438694,3.2416851114062184
"PP1_Nl06hz_C1_21_2_17",-57.6077039498257,0.5278113457102677,2.6663123484469793
"PP1_Nl06hz_C1_21_2_17",-53.33767469185757,0.5029866739936779,4.208815313458809
"PP1_Nl06hz_C1_21_2_17",-62.553740117654385,0.9254559732086136,2.8394239082317996
"PP1_Nl06hz_C1_21_2_17",-91.26701203000498,0.7748013501549394,3.3429032020067897
"PP1_Nl06hz_C1_21_2_17",-56.3335038751245,1.0586472500801392,3.3784057639175105
"PP1_Nl06hz_C1_21_2_17",-50.33698214952689,1.9724723831944972,3.6638565435228774
"PP1_Nl06hz_C1_21_2_17",-48.65912327253486,1.0831654791092091,2.5740120713726244
"PP1_Nl06hz_C1_21_2_17",-75.14984009275399,1.0897623946912405,3.0444320467997272
"PP1_Nl06hz_C1_21_2_17",-33.09515842878486,0.6426753803499423,41.93075937963546
"PP1_Nl06hz_C1_21_2_17",-44.023126245019924,1.3802290836653357,3.3561487383798183
"PP1_Nl06hz_C1_21_2_17",-52.21667042766434,1.0425845023481999,3.4942550445302687
"PP1_Nl06hz_C1_21_2_17",-64.45045015251495,1.788702275217486,3.386844657095287
"PP1_Nl06hz_C1_21_2_17",-54.99729597236056,1.6964236387782194,2.2946250553342225
"PP1_Nl06hz_C1_21_2_17",-37.5803913253237,0.9368930626699467,3.4418280317882024
"PP1_Nl06hz_C1_21_2_17",-41.03823961964641,0.6818660053662939,2.952284467571883
"PP1_Nl06hz_C1_21_2_17",-73.47562873505976,0.6607588692847686,3.07100486941124
"PP1_Nl06hz_C1_21_2_17",-17.981054298431275,0.33268210626329164,3.9302370499933432
"PP1_Nl06hz_C1_21_2_17",-54.25928123443725,1.772759412799246,3.016546546546556
"PP1_Nl06hz_C1_21_2_17",-62.12576452004482,1.4755138177448885,2.9802622314972953
"PP1_Nl06hz_C1_21_2_17",-45.53684675361056,0.9208106703620275,2.6574715630232735
"PP1_Nl06hz_C1_21_2_17",-51.23062437749004,1.8165001810938066,2.9190635035615062
"PP1_Nl06hz_C1_21_2_17",-70.81901884648904,0.7961513058875653,3.3373206138409275
"PP1_Nl06hz_C1_21_2_17",-48.18616160358566,2.1377426657008414,2.3301780755764754
"PP1_Nl06hz_C1_21_2_17",-40.2297061752988,1.139473236087906,3.034363834982651
"PP1_Nl06hz_C1_21_2_17",-74.41060951506473,2.5043610049597533,2.9120233081280276
"PP1_Nl06hz_C1_21_2_17",-68.45056298244522,0.8602623986811295,3.150018775472825
"PP1_Nl06hz_C1_21_2_17",-64.43950377992425,1.2005975345617572,2.721314716035852
"PP1_Nl06hz_C1_21_2_17",-35.32136104021414,0.6696661354581693,3.678406640106232
"PP1_Nl06hz_C1_21_2_17",-25.65057154195717,0.933338974927358,3.3455110385525586
"PP1_Nl06hz_C1_21_2_17",-28.37162093812251,1.0280042905301912,3.2885828991725363
"PP1_Nl06hz_C1_21_2_17",-66.35445522597112,0.8767865818954079,3.354215310650557
"PP1_Nl06hz_C1_21_2_17",-75.26291319098605,1.8215501802314522,2.590339846961365
"PP1_Nl06hz_C1_21_2_17",-89.12956190679178,1.1313304407365194,2.738181820902287
"PP1_Nl06hz_C1_21_2_17",-40.943404117903384,1.0503071049136679,3.594386343514839
"PP1_Nl06hz_C1_21_2_17",-73.28231402697317,1.2131614699375064,3.334511004630929
"PP1_Nl06hz_C1_21_2_17",-53.70972166023407,1.4187356394527797,3.162649578054618
"PP1_Nl06hz_C1_21_2_17",-35.670307053037845,0.6832350155856148,3.4555689185968053
"PP1_Nl06hz_C1_21_2_17",-51.154026472236055,0.9960025444440816,3.3747948262970455
"PP1_Nl06hz_C1_21_2_17",-43.24377295505478,0.831844178840197,2.909316216615014
"PP1_Nl06hz_C1_21_2_17",-95.37047505473711,0.6901536138873099,3.3697894828210906
"PP1_Nl06hz_C1_21_2_17",-22.84562920194223,0.47666848944093093,3.452841357880027
"PP1_Nl06hz_C1_21_2_17",-45.254771927913346,0.8542001690208849,3.431531248742408
"PP1_Nl06hz_C1_21_2_17",-46.30647332544821,0.6449695657903135,3.6250458639287673
"PP1_Nl06hz_C1_21_2_17",-46.46210081548805,0.4539029953686168,3.8491589798125463
"PP2_Nl06hz_C1_21_2_17",-23.979773888221153,1.2997987179487156,108.34728760683761
"PP2_Nl06hz_C1_21_2_17",-49.94319035456731,0.9764423076923094,2.2514423076923094
"PP2_Nl06hz_C1_21_2_17",-33.32284780649039,1.9141004554655865,2.695245867071526
"PP2_Nl06hz_C1_21_2_17",-26.914156400240383,1.574927278603741,2.9835310277957436
"PP2_Nl06hz_C1_21_2_17",-35.56471604567308,0.669977458439007,100.44279139663755
"PP2_Nl06hz_C1_21_2_17",-25.235689603365383,0.5823076923076996,2.920000000000005
"PP2_Nl06hz_C1_21_2_17",-25.05962665264423,0.9046230440967293,3.407398694240806
"PP2_Nl06hz_C1_21_2_17",-41.71518179086539,0.5932942612942725,2.7897956857956845
"PP2_Nl06hz_C1_21_2_17",-45.166015625,1.0116883116883173,3.0456277056277035
"PP2_Nl06hz_C1_21_2_17",-48.59337439903846,1.7533257918551954,3.2780015082956426
"PP2_Nl06hz_C1_21_2_17",-50.58875450721154,1.709720315380696,3.1496868421396815
"PP2_Nl06hz_C1_21_2_17",-58.55853740985577,0.7500324933686898,3.0965143678160985
"PP2_Nl06hz_C1_21_2_17",-50.88219275841346,1.1304347826086996,3.1347268673355533
"PP2_Nl06hz_C1_21_2_17",-28.475247896634617,0.5416070646620937,2.8499168004670765
"PP2_Nl06hz_C1_21_2_17",-63.25354942908654,0.9454645901294271,2.891813462415371
"PP2_Nl06hz_C1_21_2_17",-49.896240234375,0.6581403940886731,3.998550903119872
"PP2_Nl06hz_C1_21_2_17",-61.71593299278846,1.192311850311853,2.6036396396396415
"PP2_Nl06hz_C1_21_2_17",-63.68783804086539,0.7167401960784219,2.9709810206133853
"PP2_Nl06hz_C1_21_2_17",-49.56758939302885,0.9772179487179529,2.0871452991452997
"PP2_Nl06hz_C1_21_2_17",-39.44983849158654,1.422141025641031,2.638363247863231
"PP2_Nl06hz_C1_21_2_17",-76.41132061298077,0.9739468864468791,2.7873015873015903
"PP2_Nl06hz_C1_21_2_17",-24.566650390625,0.17250000000001364,3.6446428571428444
"PP2_Nl06hz_C1_21_2_17",-58.51158728966346,1.4072781065088749,2.6013214990138067
"PP2_Nl06hz_C1_21_2_17",-30.63495342548077,1.5254623154623232,2.9295467495467395
"PP2_Nl06hz_C1_21_2_17",-90.69589468149039,0.49631578947369237,3.19901484480431
"PP2_Nl06hz_C1_21_2_17",-51.98552058293269,1.5079072779072704,2.91512647845982
"PP2_Nl06hz_C1_21_2_17",-71.9158466045673,1.2689647370884587,3.395897695948406
"PP2_Nl06hz_C1_21_2_17",-76.88082181490384,0.9445583262890977,3.286330656522955
"PP2_Nl06hz_C1_21_2_17",-89.19349083533653,1.1559010989011085,2.826073260073258
"PP2_Nl06hz_C1_21_2_17",-70.65993088942308,1.72034188034188,3.030826210826217
"PP2_Nl06hz_C1_21_2_17",29.390775240384617,0.08755244755245713,68.47680652680651
"PP2_Nl06hz_C1_21_2_17",-65.16676301222581,1.6283589597756418,2.2245854645299006
"PP2_Nl06hz_C1_21_2_17",-71.2115948016827,15.311737637362626,-1.5135828754578597
"PP2_Nl06hz_C1_21_2_17",-54.29781400240385,0.9677633136094755,3.1838027613412123
"PP2_Nl06hz_C1_21_2_17",-86.72860952524039,1.2912475524475668,2.916168764568761
"PP2_Nl06hz_C1_21_2_17",-116.58888215285081,1.1816335081825173,3.1085836857340157
"PP2_Nl06hz_C1_21_2_17",-86.0126201923077,1.124594017094023,2.786502849002841
"PP2_Nl06hz_C1_21_2_17",-132.2115346468412,1.0726491299479677,2.6655802591817976
"PP2_Nl06hz_C1_21_2_17",-101.33009309035081,1.5969337803597001,2.8690562519883542
"PP2_Nl06hz_C1_21_2_17",-47.19660832331731,1.1682321187584421,2.8795636527215493
"PP2_Nl06hz_C1_21_2_17",-31.714806189903847,1.4718276460381732,1.8248158858685202
"PP2_Nl06hz_C1_21_2_17",-62.31454702524039,0.7666029526029434,3.103610981610996
"PP2_Nl06hz_C1_21_2_17",-77.27990165123573,1.0585514534215918,3.0644022806360227
"PP2_Nl06hz_C1_21_2_17",-90.30855618990384,0.659252598752596,3.413034996534998
"PP2_Nl06hz_C1_21_2_17",-93.38379287719727,1.5606896379310458,2.8597701293103457
"PP2_Nl06hz_C1_21_2_17",-137.96292055570163,1.2541213752250997,2.4877789178458216
"PP2_Nl06hz_C1_21_2_17",-122.03509990985577,1.0543921568627412,2.6076309703368454
"PP2_Nl06hz_C1_21_2_17",-68.80540114182692,1.1187252747252614,3.205245421245422
"PP2_Nl06hz_C1_21_2_17",-70.42518028846153,1.1210610079575645,3.1909283819628627
"PP2_Nl06hz_C1_21_2_17",-132.32891376201923,1.2401258741258745,3.38711421911421
"PP2_Nl06hz_C1_21_2_17",-108.4195688687838,1.795759853357754,2.2350837190272617
"PP2_Nl06hz_C1_21_2_17",-142.88094946054312,2.4691991985920367,2.8724940328869026
"PP2_Nl06hz_C1_21_2_17",-78.77056415264423,0.9657264957264943,3.3545014245014273
"PP2_Nl06hz_C1_21_2_17",-46.35150615985577,0.6647566329452275,86.29953871603996
"PP2_Nl06hz_C1_21_2_17",-38.01785982572115,1.3245158371040817,2.4874177978883836
"PP2_Nl06hz_C1_21_2_17",-104.3935884328989,0.7766089533082323,3.469018456239928
"PP2_Nl06hz_C1_21_2_17",-48.32341120793269,0.7328279092702132,3.1992743261012495
"PP2_Nl06hz_C1_21_2_17",-75.20235501802884,1.263931286105185,3.2805624809972644
"PP1_Nl1hz_C1_21_2_17",-99.65752225473108,1.2612871590560872,3.220931657983442
"PP1_Nl1hz_C1_21_2_17",-86.8340602434014,0.951577984358869,3.483423540406273
"PP1_Nl1hz_C1_21_2_17",-97.59181049240537,1.016978039335197,2.994095266942179
"PP1_Nl1hz_C1_21_2_17",-125.84549497323208,0.8863020141655625,3.0489634056367096
"PP1_Nl1hz_C1_21_2_17",-106.26196386329681,1.7472307199772332,2.1252167520394667
"PP1_Nl1hz_C1_21_2_17",-164.88489401767927,1.2303061011766887,2.3219076021495426
"PP1_Nl1hz_C1_21_2_17",-110.0140453809761,0.941129399452882,3.326950783654934
"PP1_Nl1hz_C1_21_2_17",-140.30790898904382,1.0872414849884195,3.1968662925662557
"PP1_Nl1hz_C1_21_2_17",-108.52707334723605,1.3103344094884848,2.53198348368976
"PP1_Nl1hz_C1_21_2_17",-84.12030588583167,1.4575097412547509,3.1402761116705395
"PP1_Nl1hz_C1_21_2_17",-405.4473025865289,1.2603946386737677,3.3804693833902775
"PP1_Nl1hz_C1_21_2_17",-152.530746156001,1.6467852831099892,3.162775665016693
"PP1_Nl1hz_C1_21_2_17",-153.1617669945219,1.7580447441005163,2.388968229645525
"PP1_Nl1hz_C1_21_2_17",-113.87190495829184,1.0390405849130844,3.3122006625512657
"PP1_Nl1hz_C1_21_2_17",-98.85263632968127,0.98477290836654,3.273901726427619
"PP1_Nl1hz_C1_21_2_17",-97.5322343438745,1.3385815112008914,2.3542640496958485
"PP1_Nl1hz_C1_21_2_17",-258.20667525211655,1.2951395279098734,2.745375801453679
"PP1_Nl1hz_C1_21_2_17",-192.05526526705677,1.562971162967176,2.3308050970720275
"PP1_Nl1hz_C1_21_2_17",-158.76070911665838,1.4000420872899326,2.690257865779995
"PP1_Nl1hz_C1_21_2_17",-143.92503229270417,1.5921430118768514,2.210498588781195
"PP1_Nl1hz_C1_21_2_17",-85.78114300610059,1.8117555042985942,2.083181100160766
"PP1_Nl1hz_C1_21_2_17",-154.87731690425798,1.4980578427032585,2.6450888790516958
"PP1_Nl1hz_C1_21_2_17",-159.01725130727093,1.196733417208361,2.65586309731832
"PP1_Nl1hz_C1_21_2_17",-309.9163404973855,1.0856790741794726,3.285252792006577
"PP1_Nl1hz_C1_21_2_17",-152.778777468252,0.8396964076467157,3.5245117903735266
"PP1_Nl1hz_C1_21_2_17",-131.86754933391435,1.3987006013214227,2.428888833898361
"PP1_Nl1hz_C1_21_2_17",-121.63625770356076,1.2679484063745008,2.685971049136788
"PP1_Nl1hz_C1_21_2_17",-227.98089867094123,1.366885769615044,2.4743151645225
"PP1_Nl1hz_C1_21_2_17",-109.64686177166335,1.6740851131813543,2.131417654361678
"PP1_Nl1hz_C1_21_2_17",-179.02875801481574,1.5666035856573672,2.3806606905710512
"PP1_Nl1hz_C1_21_2_17",-178.35153526518926,1.3537581979773223,2.5105958729185773
"PP1_Nl1hz_C1_21_2_17",-91.28038626743027,1.4525451371770375,2.8031796115426917
"PP1_Nl1hz_C1_21_2_17",-164.55904896040838,1.508778615695951,2.1837786420455703
"PP1_Nl1hz_C1_21_2_17",-192.1233522939492,1.3112619619127714,2.877933412755374
"PP1_Nl1hz_C1_21_2_17",-82.12754450946215,1.0366619237336294,3.544995257066978
"PP1_Nl1hz_C1_21_2_17",-120.63683741596115,1.4643277087727484,2.3356796083639324
"PP1_Nl1hz_C1_21_2_17",-181.03610946837648,1.2753840982817906,2.88943020487709
"PP1_Nl1hz_C1_21_2_17",-189.36704354457171,1.3532390875183182,2.2600824352970337
"PP1_Nl1hz_C1_21_2_17",-190.51844380291334,1.7492896619908607,2.080598934320051
"PP1_Nl1hz_C1_21_2_17",-188.92812538906873,1.2683443382646489,2.918843569002934
"PP1_Nl1hz_C1_21_2_17",-166.90197218936754,1.3742841965471486,2.3317485613103144
"PP1_Nl1hz_C1_21_2_17",-107.25408911230079,1.4156874107846649,2.6527401978538707
"PP1_Nl1hz_C1_21_2_17",-105.42181858503486,1.9840770252323978,2.402332890659591
"PP1_Nl1hz_C1_21_2_17",-117.45133722920816,1.7400162313708165,2.3685440952240358
"PP1_Nl1hz_C1_21_2_17",-138.58871156000995,0.8688498378402869,3.6126350259934386
"PP1_Nl1hz_C1_21_2_17",-181.5856690425797,1.2020637450199274,2.8492324037184518
"PP1_Nl1hz_C1_21_2_17",-109.11675563371514,0.9192084993359914,3.9951921204072622
"PP1_Nl1hz_C1_21_2_17",-148.3324514442231,1.3944604191927965,2.439801374213289
"PP1_Nl1hz_C1_21_2_17",-125.10383271601096,1.4649236387782254,2.232724656927837
"PP1_Nl1hz_C1_21_2_17",-86.75503065861554,1.3955565806947676,3.3621423545583755
"PP1_Nl1hz_C1_21_2_17",-167.70685811441734,1.0749904884964623,3.3669847935584927
"PP1_Nl1hz_C1_21_2_17",-195.60916490288844,1.2511412265993842,2.279199290354677
"PP1_Nl1hz_C1_21_2_17",-114.91144795816733,1.5440227942718252,2.213364169740032
"PP1_Nl1hz_C1_21_2_17",-159.96317464516932,1.474149634022058,2.7069474659501456
"PP1_Nl1hz_C1_21_2_17",-127.0066219497012,1.4974706437408258,2.3432629132592524
"PP1_Nl1hz_C1_21_2_17",-268.6325012450199,1.5662278080659804,2.2835366137788013
"PP2_Nl1hz_C1_21_2_17",-48.22951096754808,0.9168076923076797,3.651512820512835
"PP2_Nl1hz_C1_21_2_17",-189.64327298677884,1.6345375742270107,2.1324225877641996
"PP2_Nl1hz_C1_21_2_17",-175.04177797757663,0.8727880654803357,3.34972152279845
"PP2_Nl1hz_C1_21_2_17",-219.0105655376728,1.3265070331585094,2.778670134634808
"PP2_Nl1hz_C1_21_2_17",-133.6904748769907,1.9872911018872401,2.78874021213569
"PP2_Nl1hz_C1_21_2_17",-149.93520120474008,1.5369268491601589,2.2144365931793573
"PP2_Nl1hz_C1_21_2_17",-216.45179924598108,1.6570395031784075,2.3776054376424556
"PP2_Nl1hz_C1_21_2_17",-170.66368689903845,1.188123167155436,2.671080532370843
"PP2_Nl1hz_C1_21_2_17",-186.39198479285608,1.0892371829347212,3.4825253703404315
"PP2_Nl1hz_C1_21_2_17",-233.02517641507663,1.1632686667455574,2.6647976039053223
"PP2_Nl1hz_C1_21_2_17",-131.09647310697116,1.3816606976020012,2.6771792276549378
"PP2_Nl1hz_C1_21_2_17",-167.36544095552884,1.7653504273504268,2.138011396011393
"PP2_Nl1hz_C1_21_2_17",-150.5690430861253,1.4703138441176407,2.128402187330312
"PP2_Nl1hz_C1_21_2_17",-122.21116286057692,0.9018016866854168,3.4473779708663415
"PP2_Nl1hz_C1_21_2_17",-187.835693359375,2.209967391304349,2.0181268115941977
"PP2_Nl1hz_C1_21_2_17",-239.5160457904522,1.9335323590586997,2.4851687216599205
"PP2_Nl1hz_C1_21_2_17",-204.08044257530798,0.888611361555104,3.3704995214230395
"PP2_Nl1hz_C1_21_2_17",-204.16259765625,1.4936470588235125,2.1194705882352993
"PP2_Nl1hz_C1_21_2_17",-290.51562147874097,1.4524851240694716,2.5269053217535205
"PP2_Nl1hz_C1_21_2_17",-151.42586752084586,1.1694036086538517,2.8628141692307736
"PP2_Nl1hz_C1_21_2_17",-166.55555138221155,1.9485714285714266,2.1972893772893713
"PP2_Nl1hz_C1_21_2_17",-214.79679987980768,1.409413732048006,2.3652632959538322
"PP2_Nl1hz_C1_21_2_17",-420.2740009014423,1.7650876371768847,2.26904318579775
"PP2_Nl1hz_C1_21_2_17",-228.1541014451247,2.072185762831009,2.1823808311329005
"PP2_Nl1hz_C1_21_2_17",-104.7809307391827,1.3695184257602706,2.1561400119260727
"PP2_Nl1hz_C1_21_2_17",-284.7055364755484,1.3168971194320194,2.5501756231290984
"PP2_Nl1hz_C1_21_2_17",-171.21535081129807,2.051776729559742,2.2220541041767548
"PP2_Nl1hz_C1_21_2_17",-194.92515387901892,1.6404536325625714,2.3081333613740527
"PP2_Nl1hz_C1_21_2_17",-148.85535606971155,1.329322537111989,2.0530058479532274
"PP2_Nl1hz_C1_21_2_17",-162.64695387620193,2.069459588031009,2.129834768406204
"PP2_Nl1hz_C1_21_2_17",-125.6854717548077,1.4819857410881696,2.407280550343967
"PP2_Nl1hz_C1_21_2_17",-147.12993915264423,1.5790598290598383,2.1753561253561204
"PP2_Nl1hz_C1_21_2_17",-167.236328125,1.4514009661835872,2.5417552334943596
"PP2_Nl1hz_C1_21_2_17",-113.70145357572116,1.8671428571428579,2.1745421245421315
"PP2_Nl1hz_C1_21_2_17",-285.0694075364333,1.4868306669748563,2.540976347386595
"PP2_Nl1hz_C1_21_2_17",-216.47526667668268,1.0153461538461444,3.1130897435897396
"PP2_Nl1hz_C1_21_2_17",-150.74509840745193,2.0395685404339248,1.958171433267603
"PP2_Nl1hz_C1_21_2_17",-95.86040790264423,1.7328100178890737,2.3458120453190303
"PP2_Nl1hz_C1_21_2_17",-151.32023737980768,1.067163461538462,3.2765865384615385
"PP2_Nl1hz_C1_21_2_17",-198.9863545344426,1.2646333046865266,3.0707305348262484
"PP2_Nl1hz_C1_21_2_17",-174.34926370474008,0.8924615814439903,3.4823589433648294
"PP2_Nl1hz_C1_21_2_17",-139.34795673076923,1.3966825434627255,2.257108835436998
"PP2_Nl1hz_C1_21_2_17",-118.84249173677884,0.754818730376769,3.692192814625855
"PP2_Nl1hz_C1_21_2_17",-168.93826998197116,2.132981900452478,2.030390648567118
"PP2_Nl1hz_C1_21_2_17",-298.5205940833458,2.639904157036722,1.7662976728292508
"PP2_Nl1hz_C1_21_2_17",-124.39434344951923,1.9540711053652104,2.3130773540185374
"PP2_Nl1hz_C1_21_2_17",-208.14162034254807,1.9884798534798394,2.074206349206361
"PP2_Nl1hz_C1_21_2_17",-154.33677497276892,1.0392128436035137,3.0947922722176373
"PP2_Nl1hz_C1_21_2_17",-212.1441104595478,1.629023647628037,2.3188216257733303
"PP2_Nl1hz_C1_21_2_17",-107.43361253004808,1.4387163610383595,2.663776295943467
"PP2_Nl1hz_C1_21_2_17",-168.77394456129807,1.7838777120315628,2.389168967784349
"PP2_Nl1hz_C1_21_2_17",-133.9134803185096,1.2327103013945135,3.1778572499625173
"PP1_Nl4hz_C1_21_2_17",-53.03979394920319,0.5266399838434268,3.6598773569317133
"PP1_Nl4hz_C1_21_2_17",-62.06254085221614,1.6403220451527205,2.5739929172200164
"PP1_Nl4hz_C1_21_2_17",-120.00824825697211,1.0413847941567043,3.003885679504208
"PP1_Nl4hz_C1_21_2_17",-233.77072763632967,1.8667034346275047,2.1692856634464306
"PP1_Nl4hz_C1_21_2_17",-205.8185714174552,1.4004523858588642,2.593385862679554
"PP1_Nl4hz_C1_21_2_17",-152.92832575946215,1.1578916259843255,2.4479904482227655
"PP1_Nl4hz_C1_21_2_17",-193.63464112300798,1.1740094168779478,2.5379862368706885
"PP1_Nl4hz_C1_21_2_17",-285.3624640536973,1.748362138223297,2.9021116993106943
"PP1_Nl4hz_C1_21_2_17",-262.92170186441734,1.7457435124367409,2.5579950468396646
"PP1_Nl4hz_C1_21_2_17",-270.08177461662143,1.134383516277478,2.3745828649222402
"PP1_Nl4hz_C1_21_2_17",-185.9286563158985,1.8286646754670075,2.7460800321544867
"PP1_Nl4hz_C1_21_2_17",-255.16829930643635,1.4627013599310204,2.5007759841008013
"PP1_Nl4hz_C1_21_2_17",-281.6517134586653,1.266165607838923,3.6047973870284524
"PP1_Nl4hz_C1_21_2_17",-153.79885940247797,1.781479460412288,2.125300978235748
"PP1_Nl4hz_C1_21_2_17",-105.99083159549303,1.054782536520588,2.532243802567507
"PP1_Nl4hz_C1_21_2_17",-197.1666556430528,1.2102115779307043,2.906944746267459
"PP1_Nl4hz_C1_21_2_17",-203.48415143746303,1.9383733882912795,2.197650903991439
"PP1_Nl4hz_C1_21_2_17",-182.99604317106574,1.4670556165431095,2.303700779955523
"PP1_Nl4hz_C1_21_2_17",-269.6088129476722,2.1009964398846934,2.419353715653415
"PP1_Nl4hz_C1_21_2_17",-382.3341962654752,0.879813205348728,2.550101195391608
"PP1_Nl4hz_C1_21_2_17",-247.70060383466136,1.587036902893476,2.3432115309804544
"PP1_Nl4hz_C1_21_2_17",-223.72546711955889,1.4794754207590246,2.9124605503918133
"PP1_Nl4hz_C1_21_2_17",-297.57679034229295,1.7611082743671433,2.4837281334990053
"PP1_Nl4hz_C1_21_2_17",-151.5349733876992,1.458830478269124,2.386487397913163
"PP1_Nl4hz_C1_21_2_17",-154.90041785981074,1.2127576381779364,2.575067819537128
"PP1_Nl4hz_C1_21_2_17",-243.75885131349602,1.483199989159016,2.3759718495632
"PP1_Nl4hz_C1_21_2_17",-182.73950860984772,1.6395291341009284,2.3102161239734755
"PP1_Nl4hz_C1_21_2_17",-118.00211264317728,0.7784650828391251,2.5365532353801883
"PP1_Nl4hz_C1_21_2_17",-105.08138345057272,0.6892185105730846,2.5974563285320302
"PP1_Nl4hz_C1_21_2_17",-133.72049676659572,1.6877601029655012,2.2345071970420123
"PP1_Nl4hz_C1_21_2_17",-202.7108849757221,1.2724048251438718,2.5447616939648814
"PP1_Nl4hz_C1_21_2_17",-117.37717100348605,1.4722554227534375,2.3414748413752364
"PP1_Nl4hz_C1_21_2_17",-193.19206781881263,0.907846858629307,2.55329774294313
"PP1_Nl4hz_C1_21_2_17",-348.90831416156664,1.5393136756044783,3.8136842610866895
"PP1_Nl4hz_C1_21_2_17",-302.1945421439243,0.6770152833825933,2.8149803504262536
"PP1_Nl4hz_C1_21_2_17",-188.159714656997,1.926626127070665,2.4084685818130995
"PP1_Nl4hz_C1_21_2_17",-208.51773569783367,0.9309273648017893,2.5395309700874464
"PP1_Nl4hz_C1_21_2_17",-195.417054590476,0.8215635024227596,2.6627725782354563
"PP1_Nl4hz_C1_21_2_17",-234.93063114363835,0.7884075903930011,2.6461840999454695
"PP1_Nl4hz_C1_21_2_17",-155.2615146408993,1.2560816097565977,2.4094037240178867
"PP1_Nl4hz_C1_21_2_17",-199.81233060312462,1.4713483332947932,2.364400028829994
"PP1_Nl4hz_C1_21_2_17",-128.59086116471613,1.3040877175060475,2.3206524784054636
"PP1_Nl4hz_C1_21_2_17",-185.5383564922439,1.2271302500182288,2.4767839294538705
"PP1_Nl4hz_C1_21_2_17",-104.52209715824203,1.2887003268975379,2.347360387509798
"PP1_Nl4hz_C1_21_2_17",-210.2454516346236,1.1460938259366003,2.5300977497109898
"PP1_Nl4hz_C1_21_2_17",-280.05167595608776,1.5001833645143507,2.4507671088622147
"PP1_Nl4hz_C1_21_2_17",-94.95586987985558,0.698660430740813,2.709256500567767
"PP1_Nl4hz_C1_21_2_17",-144.291000062251,0.7391948105015786,2.5870629618279057
"PP1_Nl4hz_C1_21_2_17",-89.8286735869024,1.0674963637513428,2.4735639452771014
"PP1_Nl4hz_C1_21_2_17",-200.7703970798933,0.8510883475440437,2.5830044437294646
"PP1_Nl4hz_C1_21_2_17",-284.5612027597617,1.1943296688111331,2.725830156123823
"PP1_Nl4hz_C1_21_2_17",-137.56740615662352,0.7184041426431804,2.595759768460971
"PP1_Nl4hz_C1_21_2_17",-204.57599080606286,1.4907308265078656,2.434890272338271
"PP1_Nl4hz_C1_21_2_17",-222.57649091135457,0.8285351964747861,2.4707588008300605
"PP1_Nl4hz_C1_21_2_17",-130.84381225099602,1.653645418326687,2.4029531872510006
"PP2_Nl4hz_C1_21_2_17",-87.0807354266827,1.4932150512026738,2.0771032785583885
"PP2_Nl4hz_C1_21_2_17",-158.98484450120193,1.7337858949560996,2.4453231165997296
"PP2_Nl4hz_C1_21_2_17",-149.13704916147086,1.3424956876068563,2.3881595460113885
"PP2_Nl4hz_C1_21_2_17",-159.34871556208685,1.4241346165864344,2.170769261618625
"PP2_Nl4hz_C1_21_2_17",-227.2503116314228,1.0786593155688706,2.415811260701071
"PP2_Nl4hz_C1_21_2_17",-175.20611865703876,1.4100430897748766,2.2317117277360694
"PP2_Nl4hz_C1_21_2_17",-232.73175342266376,1.2874263674033957,2.52683629386147
"PP2_Nl4hz_C1_21_2_17",-185.78163323035608,1.8248461205128252,2.1874872114316304
"PP2_Nl4hz_C1_21_2_17",-206.97960486778845,1.6505416666666635,2.319867521367519
"PP2_Nl4hz_C1_21_2_17",-417.01097517747144,2.5332197605769124,2.1276703487179702
"PP2_Nl4hz_C1_21_2_17",-219.8204627403846,1.500598290598282,2.3490313390313533
"PP2_Nl4hz_C1_21_2_17",-236.06520432692307,1.2569980276134176,2.303410913872449
"PP2_Nl4hz_C1_21_2_17",-402.66769057053784,2.164880773088112,2.1979794924530327
"PP2_Nl4hz_C1_21_2_17",-147.25905198317307,0.9885308537616311,2.376160045083111
"PP2_Nl4hz_C1_21_2_17",-444.20682466947113,1.7839438339438403,2.554527879527859
"PP2_Nl4hz_C1_21_2_17",-274.7168984046349,1.5741250290551763,2.452883651964885
"PP2_Nl4hz_C1_21_2_17",-192.9649939903846,0.8352129296481963,2.3905441728272083
"PP2_Nl4hz_C1_21_2_17",-235.29052734375,1.048439560439556,2.310080586080585
"PP2_Nl4hz_C1_21_2_17",-372.61963653564453,1.3985164681776725,2.4045970811202553
"PP2_Nl4hz_C1_21_2_17",-174.56053924560547,0.7384069593073491,2.5564097923521105
"PP2_Nl4hz_C1_21_2_17",-196.6740458561824,1.3146264076576473,2.343454392353897
"PP2_Nl4hz_C1_21_2_17",-99.47556715745192,1.1549543676662324,2.5408300738809206
"PP2_Nl4hz_C1_21_2_17",-388.34791154127856,1.91546060113958,2.330610942545127
"PP2_Nl4hz_C1_21_2_17",-346.750120309683,1.943390283297731,2.357787293744059
"PP2_Nl4hz_C1_21_2_17",-106.98758638822116,1.2966117216117254,2.3447191697191556
"PP2_Nl4hz_C1_21_2_17",-234.0111365685096,1.2918492618492792,2.37505879305877
"PP2_Nl4hz_C1_21_2_17",-162.48262845552884,1.7537989979369515,2.259930248550927
"PP2_Nl4hz_C1_21_2_17",-281.2429498525766,2.5502860207805043,2.0107724970179333
"PP2_Nl4hz_C1_21_2_17",-339.62542431171124,2.0604232241188583,2.3819496473844537
"PP2_Nl4hz_C1_21_2_17",-185.76988807091345,0.925570375327402,2.357861837677342
"PP2_Nl4hz_C1_21_2_17",-242.83776679405798,1.0379582912381693,2.515612706088041
"PP2_Nl4hz_C1_21_2_17",-168.84436211219202,0.8309389178888069,2.560350670092862
"PP2_Nl4hz_C1_21_2_17",-236.71076847956732,0.8219768479383902,2.5172409285870803
"PP2_Nl4hz_C1_21_2_17",-249.1290828998272,0.9710145467288612,2.5274018354970624
"PP2_Nl4hz_C1_21_2_17",-209.0806151169997,0.9753955771283018,2.501855315236071
"PP2_Nl4hz_C1_21_2_17",-174.0910380436824,0.9414881346726361,2.453766759996938
"PP2_Nl4hz_C1_21_2_17",-119.69933143028847,0.9692153578129137,2.4505271151612535
"PP2_Nl4hz_C1_21_2_17",-219.13968599759616,0.88414278531925,2.5336618066029817
"PP2_Nl4hz_C1_21_2_17",-311.1736743633564,1.1507111800000076,2.5569834728205025
"PP2_Nl4hz_C1_21_2_17",-272.68629044752856,1.3117177977417442,2.3852963373624334
"PP2_Nl4hz_C1_21_2_17",-182.91766826923077,1.0175147928993966,2.41562130177515
"PP2_Nl4hz_C1_21_2_17",-227.13294396033655,1.506424445120092,2.274580926320073
"PP2_Nl4hz_C1_21_2_17",-241.59358860896185,1.5711117410129647,2.481076315037808
"PP2_Nl4hz_C1_21_2_17",-131.2373310969426,0.8714115872115372,2.4780871944871707
"PP2_Nl4hz_C1_21_2_17",-220.40734687218298,1.2726626962524734,2.6917159976988616
"PP2_Nl4hz_C1_21_2_17",-202.62498121995193,0.8564367427444495,2.4491731004038684
"PP2_Nl4hz_C1_21_2_17",-142.17670147235577,0.9429845496383905,2.7596547227701196
"PP2_Nl4hz_C1_21_2_17",-175.39391150841345,1.9104594500522127,2.3762118575240723
"PP2_Nl4hz_C1_21_2_17",-178.05833845872147,1.0234265355477874,2.350466228243977
"PP2_Nl4hz_C1_21_2_17",-116.38934795673077,0.8314743589743557,2.6068803418803554
"PP2_Nl4hz_C1_21_2_17",-264.0357536902794,1.2102992508547006,2.596139593732187
"PP2_Nl4hz_C1_21_2_17",-205.4419884314904,1.0249478726401777,2.6303625434394693
"PP2_Nl4hz_C1_21_2_17",-131.60118689903845,1.4905648197955998,2.401251568943872
"PP2_Nl4hz_C1_21_2_17",-235.49006535456732,1.2202039286249828,2.412577098015686
"PP1_H06hz_C1_21_2_17",-64.1185297111116,1.3228279212268603,3.024342925826102
"PP1_H06hz_C1_21_2_17",-53.61610199825697,1.810581673306774,2.666130146082333
"PP1_H06hz_C1_21_2_17",-57.622294027016935,1.0054994596512756,3.318474334779637
"PP1_H06hz_C1_21_2_17",-57.4435655814243,1.451583380762668,2.8324014418516414
"PP1_H06hz_C1_21_2_17",-75.85745883652888,0.7778515030785912,3.255008088856698
"PP1_H06hz_C1_21_2_17",-85.8419349943974,0.8748308353885932,3.282129049937828
"PP1_H06hz_C1_21_2_17",-118.27811208474209,1.3764011494489639,2.6456807518816507
"PP1_H06hz_C1_21_2_17",-101.5408618668636,1.0125595310227595,2.6656214469708632
"PP1_H06hz_C1_21_2_17",-119.07448331673307,1.1608227630903798,2.9259899968079597
"PP1_H06hz_C1_21_2_17",-75.62036626747405,0.8464185138244034,3.25873278250657
"PP1_H06hz_C1_21_2_17",-73.22030238421314,0.8951151584139666,3.168486182255106
"PP1_H06hz_C1_21_2_17",-164.65387683275685,0.8145661744741916,3.39808090066183
"PP1_H06hz_C1_21_2_17",-109.60916692422205,1.1388891688930585,2.570696027934014
"PP1_H06hz_C1_21_2_17",-144.32140368579394,0.9962748884936445,3.162410445867329
"PP1_H06hz_C1_21_2_17",-104.18895324767823,0.9255270262961517,3.499476818730193
"PP1_H06hz_C1_21_2_17",-156.4943837929532,1.3297025232403712,2.645562638335548
"PP1_H06hz_C1_21_2_17",-139.82278129304072,1.232916757930343,3.1738252896988115
"PP1_H06hz_C1_21_2_17",-183.45319129366322,1.962182747147608,2.3036601873219866
"PP1_H06hz_C1_21_2_17",-179.55764449830073,1.5350914480298117,2.3433043733735532
"PP1_H06hz_C1_21_2_17",-178.77951086279882,1.1534820717131538,2.6618406374502004
"PP1_H06hz_C1_21_2_17",-80.41564593372117,1.2271419012145317,3.4548571320652743
"PP1_H06hz_C1_21_2_17",-128.59328902955073,1.5486877983728278,2.3779833439092726
"PP1_H06hz_C1_21_2_17",-97.81187367534257,1.155825745469724,3.155344201098842
"PP1_H06hz_C1_21_2_17",-116.36438029315842,1.5183472028953475,2.5048389746804447
"PP1_H06hz_C1_21_2_17",-105.43884034175797,2.198570455022025,2.699623261340594
"PP1_H06hz_C1_21_2_17",-109.55445794945219,1.3965809837572694,2.433282766370428
"PP1_H06hz_C1_21_2_17",-124.5652156997012,1.86916095617529,2.5892451527224467
"PP1_H06hz_C1_21_2_17",-175.03594403817834,2.207549779357851,1.9459030674091538
"PP1_H06hz_C1_21_2_17",-159.00631256407476,1.1119346339174854,2.8833227955100487
"PP1_H06hz_C1_21_2_17",-95.37412257403491,1.883357659556225,2.352720981868811
"PP1_H06hz_C1_21_2_17",-156.39468874684368,1.0662957760134872,2.9683068105344774
"PP1_H06hz_C1_21_2_17",-110.72895916334662,1.4378540805067246,2.251309294183375
"PP1_H06hz_C1_21_2_17",-222.9242172697151,1.2407041809317776,2.4034547499332803
"PP1_H06hz_C1_21_2_17",-79.47093462089144,1.0820230190349776,2.334898037479707
"PP1_H06hz_C1_21_2_17",-128.4826514255478,1.276836801860884,2.5749318419902125
"PP1_H06hz_C1_21_2_17",-190.64368292819933,1.7168986840239768,2.7204678402446465
"PP1_H06hz_C1_21_2_17",-107.69665860179886,1.1679003881791006,2.6664811138340614
"PP1_H06hz_C1_21_2_17",-110.00796618214642,2.091238444913165,2.4106285099254365
"PP1_H06hz_C1_21_2_17",-85.95136057333167,2.1158907228229964,2.504469740087268
"PP1_H06hz_C1_21_2_17",-105.82304570779382,1.9709890596344737,2.6543696115010906
"PP1_H06hz_C1_21_2_17",-157.7831777595429,1.8923482939604128,2.5099789933345735
"PP1_H06hz_C1_21_2_17",-110.38488032428391,1.6081937046325607,2.101468787540057
"PP1_H06hz_C1_21_2_17",-95.0166618681524,1.6718035385340273,2.110344285938686
"PP1_H06hz_C1_21_2_17",-126.4303139006474,1.6419529792916252,2.433994016607562
"PP1_H06hz_C1_21_2_17",-108.46871303847112,0.9237247834060668,3.0346238327114747
"PP1_H06hz_C1_21_2_17",-90.31014613421314,2.106372075799368,2.3190487196513003
"PP1_H06hz_C1_21_2_17",-82.97742032054886,1.5363109236933612,2.4946221941093314
"PP1_H06hz_C1_21_2_17",-101.83995463458665,2.217195219123505,2.3089030544488653
"PP1_H06hz_C1_21_2_17",-107.06806562811255,1.7751527766485085,2.7497670813345167
"PP1_H06hz_C1_21_2_17",-79.30801209225598,1.81683069523707,2.102764916310741
"PP1_H06hz_C1_21_2_17",-73.42821098418824,2.001754160845792,2.478045520659066
"PP1_H06hz_C1_21_2_17",-79.1937193395607,2.4180952001341556,2.3653153041205996
"PP1_H06hz_C1_21_2_17",-74.67566258403885,1.976287855570729,2.342338431820497
"PP1_H06hz_C1_21_2_17",-123.29344730453187,1.2376431927462592,2.462602701836329
"PP2_H06hz_C1_21_2_17",-56.88007061298077,1.5027709790209656,2.076864801864804
"PP2_H06hz_C1_21_2_17",-83.94681490384616,0.5771309771309688,3.29664587664588
"PP2_H06hz_C1_21_2_17",-63.74652569110577,1.1199566074950782,3.86114266929651
"PP2_H06hz_C1_21_2_17",-141.55461237980768,0.7075810399822103,3.222510694063249
"PP2_H06hz_C1_21_2_17",-69.56833678025465,1.5021884371634542,2.2907128130128287
"PP2_H06hz_C1_21_2_17",-114.6404559795673,1.0443917224080224,2.919160395763652
"PP2_H06hz_C1_21_2_17",-131.56597049419696,1.0915700428007995,3.0364194467784276
"PP2_H06hz_C1_21_2_17",-85.3435809795673,0.9371623931623845,2.8289971509971568
"PP2_H06hz_C1_21_2_17",-146.42569497915414,1.3294872489316276,2.199786343304845
"PP2_H06hz_C1_21_2_17",-152.55268184955304,1.1948804554863046,2.2020042896517906
"PP2_H06hz_C1_21_2_17",-85.83655342688927,1.2120371610902794,2.56583374181605
"PP2_H06hz_C1_21_2_17",-202.97710712139423,2.091650472334686,2.4558088169140775
"PP2_H06hz_C1_21_2_17",-139.0545108501728,1.430158180253966,2.334539325113474
"PP2_H06hz_C1_21_2_17",-147.3060021033654,1.5786559594251912,2.2110594533671475
"PP2_H06hz_C1_21_2_17",-228.78793951181265,1.0911794670405925,2.2921709503561263
"PP2_H06hz_C1_21_2_17",-152.36487373938928,1.374839845670772,2.1672049976526524
"PP2_H06hz_C1_21_2_17",-209.46795360858624,1.786921655531137,2.63992865892551
"PP2_H06hz_C1_21_2_17",-158.67966490525467,1.5053262796400078,2.713971174886206
"PP2_H06hz_C1_21_2_17",-124.06569260817308,1.7862857142857138,2.1010549450549436
"PP2_H06hz_C1_21_2_17",-113.57233693049504,1.7968745195850262,2.412426429689617
"PP2_H06hz_C1_21_2_17",-129.1128267141489,1.4752447825174841,2.3183216646853224
"PP2_H06hz_C1_21_2_17",-257.0519156822792,1.4377606214602794,2.269661653300227
"PP2_H06hz_C1_21_2_17",-203.14143254206732,1.3183605986773501,2.8104107205012046
"PP2_H06hz_C1_21_2_17",-230.20818064762994,2.173384504353908,2.3806876402284387
"PP2_H06hz_C1_21_2_17",-198.75159630408655,1.4325309306078453,2.806986731217512
"PP2_H06hz_C1_21_2_17",-133.13880333533655,1.3580535117056798,3.0820312151616465
"PP2_H06hz_C1_21_2_17",-147.552490234375,1.2395072463768202,2.7094975845410545
"PP2_H06hz_C1_21_2_17",-136.61311985896185,1.1518010491396353,3.4003661325353054
"PP2_H06hz_C1_21_2_17",-243.1546762906588,1.3893788676242367,2.5032473460941222
"PP2_H06hz_C1_21_2_17",-147.88114107572116,1.56395528609321,2.7253628899835807
"PP2_H06hz_C1_21_2_17",-205.99364852905273,1.0898601576340299,3.3776223603341125
"PP2_H06hz_C1_21_2_17",-163.58595628004807,1.945315462315466,2.174673400673396
"PP2_H06hz_C1_21_2_17",-186.15722274780273,1.613461554807691,2.3237179394230907
"PP2_H06hz_C1_21_2_17",-133.74915489783655,1.258639053254433,2.25642998027613
"PP2_H06hz_C1_21_2_17",-126.40145727304312,1.7309134823717842,2.6868749878472276
"PP2_H06hz_C1_21_2_17",-122.22289657592773,1.1171750845490807,2.333125537908927
"PP2_H06hz_C1_21_2_17",-180.21804017287033,1.400555895503385,2.1966645228129664
"PP2_H06hz_C1_21_2_17",-133.0096866901104,1.7779864379006314,1.9935821905716011
"PP2_H06hz_C1_21_2_17",-147.30599828866812,1.2367547147532152,2.1530004134951697
"PP2_H06hz_C1_21_2_17",-170.87497006929837,1.1930628582750387,2.4093893369852597
"PP2_H06hz_C1_21_2_17",-158.13973470834586,1.1642850778313913,2.241184575399302
"PP2_H06hz_C1_21_2_17",-91.86964768629808,1.5286792899408284,2.3447786982248546
"PP2_H06hz_C1_21_2_17",-137.2352013221154,0.9564534670417061,2.425090701561294
"PP2_H06hz_C1_21_2_17",-190.6879093463604,1.2869573599735304,2.3766012512976205
"PP2_H06hz_C1_21_2_17",-180.88707557091345,0.8456492263954942,2.398438394110053
"PP2_H06hz_C1_21_2_17",-86.64644681490384,1.1940576923076833,2.206288461538475
"PP2_H06hz_C1_21_2_17",-148.46800994873047,1.5094047738095242,2.1435316587301485
"PP2_H06hz_C1_21_2_17",-126.33103209275465,1.3899102765491536,2.231273491310526
"PP2_H06hz_C1_21_2_17",-123.30275696974535,1.6836095503858814,2.1276632198781273
"PP2_H06hz_C1_21_2_17",-162.14223245474008,1.72871821260685,1.9819657101139456
"PP2_H06hz_C1_21_2_17",-179.85417292668268,1.2166612999403696,2.428220830848727
"PP2_H06hz_C1_21_2_17",-105.15653170072116,1.7161766749379694,2.3346180314309324
"PP2_H06hz_C1_21_2_17",-109.39378004807692,2.1545546558704474,1.8830296896086338
"PP2_H06hz_C1_21_2_17",-160.35813551682693,2.042948024948032,2.227171171171176
"PP2_H06hz_C1_21_2_17",-121.85903695913461,1.4573922531369363,2.340912893253312
"PP2_H06hz_C1_21_2_17",-125.23944561298077,1.49386446886449,2.3902319902319733
"PP2_H06hz_C1_21_2_17",-204.09217247596155,1.1408504273504378,2.3369814814814847
"PP1_H1hz_C1_21_2_17",-106.85043031000995,2.103814266742552,2.251935749067218
"PP1_H1hz_C1_21_2_17",-155.0718474521105,1.0409480640342395,2.702999533088803
"PP1_H1hz_C1_21_2_17",-147.45704299805175,1.6804515354254932,2.311921197767481
"PP1_H1hz_C1_21_2_17",-184.37359725526605,1.33473426625701,2.3748779036959493
"PP1_H1hz_C1_21_2_17",-232.8381861652511,0.8469597949990203,2.4357401797644798
"PP1_H1hz_C1_21_2_17",-145.44118829552397,1.4700617662292075,2.286046065141386
"PP1_H1hz_C1_21_2_17",-122.9299150292142,1.4879866664260248,2.2625876196678405
"PP1_H1hz_C1_21_2_17",-328.02870549053785,1.0585550958558885,2.4847766767687065
"PP1_H1hz_C1_21_2_17",-136.40020761071924,1.9000775479568917,2.4106218356590716
"PP1_H1hz_C1_21_2_17",-186.77608900336156,2.433670243269342,2.199331864461351
"PP1_H1hz_C1_21_2_17",-232.22903899842524,1.2427704050073658,2.342228089485013
"PP1_H1hz_C1_21_2_17",-196.84688215521703,0.928057678862865,2.4528200720302156
"PP1_H1hz_C1_21_2_17",-285.81595321290524,1.223860367837017,2.318833096570381
"PP1_H1hz_C1_21_2_17",-232.69592909793928,1.0137293764884363,2.4415444491049927
"PP1_H1hz_C1_21_2_17",-207.74202992716633,1.4936093681952345,2.3398439709448327
"PP1_H1hz_C1_21_2_17",-369.0183077048495,1.0721601620324692,2.4412539266027924
"PP1_H1hz_C1_21_2_17",-211.85156070663635,0.8439707434225625,2.6309106943777696
"PP1_H1hz_C1_21_2_17",-157.5643227869771,1.5459034662742739,2.3674262207846937
"PP1_H1hz_C1_21_2_17",-215.58905977651892,0.9564039285894297,2.5265736463429107
"PP1_H1hz_C1_21_2_17",-239.60918637765832,1.380805471112069,2.281350347556088
"PP1_H1hz_C1_21_2_17",-147.1859145449452,2.103719458899093,2.062353968479829
"PP1_H1hz_C1_21_2_17",-210.53724554905378,0.9966983403285327,2.4300236487206237
"PP1_H1hz_C1_21_2_17",-173.79212851353375,1.3816949425411054,2.3132580298987135
"PP1_H1hz_C1_21_2_17",-224.0829163813496,1.1302752789746024,2.4291134707024074
"PP1_H1hz_C1_21_2_17",-272.3529785581794,0.922659025285077,2.5018668174971026
"PP1_H1hz_C1_21_2_17",-192.33369257345618,1.1190001897173147,2.5238696009612456
"PP1_H1hz_C1_21_2_17",-147.85463404560468,1.4107616448098952,2.462084476579355
"PP1_H1hz_C1_21_2_17",-292.31097687193125,1.1700184111091745,2.4264548107871295
"PP1_H1hz_C1_21_2_17",-423.58763952369236,1.1365651999362398,2.388826739120532
"PP1_H1hz_C1_21_2_17",-233.8035514953127,1.1485462479446598,2.456177074775849
"PP1_H1hz_C1_21_2_17",-209.77856153510956,1.2557384838526104,2.327357898666469
"PP1_H1hz_C1_21_2_17",-266.4573715331545,1.1180968977618364,2.355793521141891
"PP1_H1hz_C1_21_2_17",-276.80416412657473,1.0987081908279834,2.339295909834175
"PP1_H1hz_C1_21_2_17",-300.3282204738176,1.2937500260416641,2.2549037045706086
"PP1_H1hz_C1_21_2_17",-233.99930169762843,0.9246043639332584,2.4124866167012105
"PP1_H1hz_C1_21_2_17",-330.1795260364791,1.0395275154239243,2.451929397148524
"PP1_H1hz_C1_21_2_17",-275.2101905640378,1.1542217632086362,2.3817821787799973
"PP1_H1hz_C1_21_2_17",-355.2793183497699,1.0791929460858682,2.6075455832822287
"PP1_H1hz_C1_21_2_17",-237.4826826270358,0.9080552219197898,2.387491229422358
"PP1_H1hz_C1_21_2_17",-299.2473579953866,1.7221516135644608,2.3076469853813477
"PP1_H1hz_C1_21_2_17",-244.5369887636952,0.959221606864594,2.3959804401246063
"PP1_H1hz_C1_21_2_17",-324.57694402443934,1.6742884262151394,2.356185939641432
"PP1_H1hz_C1_21_2_17",-212.03515251129272,1.1927790166583692,2.5472126495600946
"PP1_H1hz_C1_21_2_17",-279.37931275082775,1.445851746929418,2.4745206799803103
"PP1_H1hz_C1_21_2_17",-224.4731933168206,1.4219256942669973,2.3218840348684355
"PP1_H1hz_C1_21_2_17",-228.65932963093914,1.1137252828210649,2.223616243170852
"PP1_H1hz_C1_21_2_17",-421.45992374800113,1.6872511536157846,2.426394588066228
"PP1_H1hz_C1_21_2_17",-275.7682648312998,1.0736355384911918,2.415699674420603
"PP1_H1hz_C1_21_2_17",-197.7526865955368,0.9568265585560994,2.5013855311549493
"PP1_H1hz_C1_21_2_17",-325.2979408203368,1.0856205964786227,2.5312824382695456
"PP1_H1hz_C1_21_2_17",-200.56735946837648,1.843296338455707,2.233543603364319
"PP1_H1hz_C1_21_2_17",-454.0359224114285,1.1592750161825507,2.4551860142001605
"PP1_H1hz_C1_21_2_17",-238.87847430772516,1.0746561669833683,2.384151995306627
"PP1_H1hz_C1_21_2_17",-150.4699015674363,1.9352452636243016,2.2244593449679315
"PP1_H1hz_C1_21_2_17",-174.55933103523407,1.1533028860169112,2.343378356492724
"PP1_H1hz_C1_21_2_17",-400.93532884453396,1.3788759910235742,2.4815830372400343
"PP1_H1hz_C1_21_2_17",-244.41297692226698,1.3434469157907074,2.339429668875596
"PP1_H1hz_C1_21_2_17",-305.5113453960039,1.1559711820147982,2.539133863697589
"PP1_H4hz_C1_21_2_17",-190.18287202751495,1.125004742933038,2.4008549927275
"PP1_H4hz_C1_21_2_17",-185.7219559262948,1.0493480367601251,2.407045659898597
"PP1_H4hz_C1_21_2_17",-393.1283988192737,1.02329532911441,2.701769133666801
"PP1_H4hz_C1_21_2_17",-353.8823299028009,0.8892788372836322,2.5437935347672465
"PP1_H4hz_C1_21_2_17",-153.16177462391644,1.0291315613675351,2.5084138595340053
"PP1_H4hz_C1_21_2_17",-407.7318578773286,1.1108857788002637,2.481072817661118
"PP1_H4hz_C1_21_2_17",-585.0620724803423,0.06355131973068638,53.494081133782174
"PP1_H4hz_C1_21_2_17",-397.9735279159242,1.6323999283463195,2.3629357203722408
"PP1_H4hz_C1_21_2_17",-233.02419439065028,1.33705915776834,2.4001667385915084
"PP1_H4hz_C1_21_2_17",-276.70202595684157,1.571505631750813,2.394355775118845
"PP1_H4hz_C1_21_2_17",-474.93133699941444,1.3896678219528895,2.5739820681896393
"PP1_H4hz_C1_21_2_17",-311.7850862176295,1.2744516170905287,2.5642276674421853
"PP1_H4hz_C1_21_2_17",-268.54494552308347,1.1365050988973395,2.643930857955388
"PP1_H4hz_C1_21_2_17",-349.9806848351224,1.1868917778579202,2.539264971568389
"PP1_H4hz_C1_21_2_17",-388.1191542424054,1.1087109026218855,2.564784182020901
"PP1_H4hz_C1_21_2_17",-294.3535762346123,1.038085317905302,2.509924962414448
"PP1_H4hz_C1_21_2_17",-222.64822927224208,1.2815686891014366,2.5798121117348503
"PP1_H4hz_C1_21_2_17",-358.4295706274025,0.9815287147241861,2.6914583201387248
"PP1_H4hz_C1_21_2_17",-321.2333694093256,0.9620039999825508,2.5561646645208387
"PP1_H4hz_C1_21_2_17",-393.9284290146543,1.1512597504243105,2.5645157558941265
"PP1_H4hz_C1_21_2_17",-292.66236600837857,1.1389020360782638,2.6974679109593924
"PP1_H4hz_C1_21_2_17",-195.02678146970226,0.9048340940798199,2.5786500501910496
"PP1_H4hz_C1_21_2_17",-262.1946144255984,1.0652584611155362,2.672327735139447
"PP1_H4hz_C1_21_2_17",-316.2313969828693,1.020074447110926,2.6744729694190257
"PP1_H4hz_C1_21_2_17",-334.3449930745767,0.8184935449458977,2.6751480489698793
"PP1_H4hz_C1_21_2_17",-359.66973100335474,0.9530077724629678,2.727738181359689
"PP1_H4hz_C1_21_2_17",-304.67119630304467,1.1192361164319322,2.6664024866185514
"PP1_H4hz_C1_21_2_17",-556.0217320415603,1.4536827476692338,2.648831329644679
"PP1_H4hz_C1_21_2_17",-238.24988133403883,0.8898744566248524,2.698218994278227
"PP1_H4hz_C1_21_2_17",-428.2321512442661,2.3311811446897766,2.3490492940960053
"PP1_H4hz_C1_21_2_17",-188.96338474228088,1.3831215234754837,2.66194826435883
"PP1_H4hz_C1_21_2_17",-394.95460159180175,1.5187699028749309,2.434753182249881
"PP1_H4hz_C1_21_2_17",-323.2613825095127,2.612190238399126,2.199232889941709
"PP1_H4hz_C1_21_2_17",-382.6746161411483,1.496125410065133,2.5127880632432835
"PP1_H4hz_C1_21_2_17",-311.1650041223047,1.2329938337074282,2.6270370623022816
"PP1_H4hz_C1_21_2_17",-547.8403538859698,1.2059021798771257,2.6309154217449646
"PP1_H4hz_C1_21_2_17",-183.25380883083875,1.5881943155057798,2.590046484179891
"PP1_H4hz_C1_21_2_17",-359.7280760533306,1.3605954664448292,2.6682559115834694
"PP1_H4hz_C1_21_2_17",-377.80030689011534,1.1565553165209281,2.5477531371414788
"PP1_H4hz_C1_21_2_17",-304.1313748910608,0.9702214349692326,2.5926720996754287
"PP1_H4hz_C1_21_2_17",-222.90476764815736,1.0993896161386147,2.6959204030439197
"PP1_H4hz_C1_21_2_17",-432.6079471177789,1.8112898376784075,2.4628470471451465
"PP1_H4hz_C1_21_2_17",-332.6245683616851,1.0240096779527903,2.7946686199108286
"PP1_H4hz_C1_21_2_17",-373.22147721978297,1.471302396555393,2.5005488637350255
"PP1_H4hz_C1_21_2_17",-225.82278308640437,0.8705036031697433,2.7153476526129907
"PP1_H4hz_C1_21_2_17",-234.0965726936006,0.8198176397094245,2.731553367166555
"PP1_H4hz_C1_21_2_17",-443.6988412773467,1.2894211861251508,2.6832068065940806
"PP1_H4hz_C1_21_2_17",-327.97035281116746,1.0091573381074,2.7279265482605184
"PP1_H4hz_C1_21_2_17",-476.5629939653009,1.3666836885548266,2.7210527596021623
"PP1_H4hz_C1_21_2_17",-183.56505618152391,0.790229868405163,2.872022858062701
"PP1_H4hz_C1_21_2_17",-358.91467162052476,1.1418988281520341,2.673118583653707
"PP1_H4hz_C1_21_2_17",-460.93945297302,1.1438049401358399,2.813611403350626
"PP1_H4hz_C1_21_2_17",-420.8057905098357,1.198581397245664,2.650774338865017
"PP1_H4hz_C1_21_2_17",-348.01953529266723,0.9658787244866744,2.8042691810705835
"PP1_H4hz_C1_21_2_17",-452.57081260529174,1.1564213054698826,2.691717695044133
"PP2_H4hz_C1_21_2_17",-374.4976337139423,1.1229212732556106,2.3997274458064797
"PP2_H4hz_C1_21_2_17",-270.9374137291542,1.1932517706067074,2.463874552267976
"PP2_H4hz_C1_21_2_17",-255.26781111497147,1.6921505732157358,2.3272607585488916
"PP2_H4hz_C1_21_2_17",-296.173095703125,1.3862910447761125,2.376111940298506
"PP2_H4hz_C1_21_2_17",-201.47469564584586,1.4103082620613578,2.440429782665956
"PP2_H4hz_C1_21_2_17",-436.47179236778845,1.2428143853695248,2.5990920374560122
"PP2_H4hz_C1_21_2_17",-314.3545450063852,1.0858983228704575,2.573852445630951
"PP2_H4hz_C1_21_2_17",-338.5573167067308,0.9807973114264315,2.4745164052775865
"PP2_H4hz_C1_21_2_17",-271.16043442946216,1.078739594669355,2.499035536392262
"PP2_H4hz_C1_21_2_17",-236.6168758685772,1.5383218061809432,2.3259127498783982
"PP2_H4hz_C1_21_2_17",-375.1432131253756,0.9948658310843712,2.54747147182718
"PP2_H4hz_C1_21_2_17",-313.9789364154522,1.3632501551192036,2.4023934485288465
"PP2_H4hz_C1_21_2_17",-352.70104041466345,1.4930496555683022,2.525324818216609
"PP2_H4hz_C1_21_2_17",-493.2345029390775,1.0779525871222633,2.5014077528273675
"PP2_H4hz_C1_21_2_17",-299.38916367750903,1.4194970411140504,2.48111705039787
"PP2_H4hz_C1_21_2_17",-304.0724534254808,0.9615800176834682,2.6293804892425445
"PP2_H4hz_C1_21_2_17",-249.09387030968298,1.1316890375796902,2.490690554899834
"PP2_H4hz_C1_21_2_17",-409.74544407771185,0.9695535275012617,2.4860824650410454
"PP2_H4hz_C1_21_2_17",-328.756471487192,1.1733538197115423,2.4764417331730786
"PP2_H4hz_C1_21_2_17",-495.24160531850964,1.3287479733381589,2.482292079505169
"PP2_H4hz_C1_21_2_17",-418.05560009296124,1.2448758557692372,2.5680074198717877
"PP2_H4hz_C1_21_2_17",-311.98354867788464,1.1972916594834941,2.45260777620706
"PP2_H4hz_C1_21_2_17",-372.5257362952599,1.1236984064195894,2.5865472314296314
"PP2_H4hz_C1_21_2_17",-429.0067308866061,0.9269942834757785,2.6385802577160575
"PP2_H4hz_C1_21_2_17",-453.6555439875676,1.5073862931064241,2.5182892478554098
"PP2_H4hz_C1_21_2_17",-262.4863768357497,1.00723851739358,2.60120171028982
"PP2_H4hz_C1_21_2_17",-384.0050483116737,1.5323090513515354,2.6908813603062303
"PP2_H4hz_C1_21_2_17",-333.56885880690356,1.1792861136153079,2.5380977163145193
"PP2_H4hz_C1_21_2_17",-285.7501690204327,0.8035657319269376,2.62662636137552
"PP2_H4hz_C1_21_2_17",-427.6216870821439,1.157966771396923,2.5498050024536725
"PP2_H4hz_C1_21_2_17",-354.086061330942,1.2156949515196176,2.5547498077881756
"PP2_H4hz_C1_21_2_17",-305.7978703425481,0.9998159397538302,2.7701616878635607
"PP2_H4hz_C1_21_2_17",-384.897092965933,1.1858532135489213,2.5311700663059584
"PP2_H4hz_C1_21_2_17",-448.0567192664513,0.9433583695381458,2.608936121934494
"PP2_H4hz_C1_21_2_17",-432.71577512300934,1.5918755817873262,2.4610376983220252
"PP2_H4hz_C1_21_2_17",-328.8855843177208,1.2949087453695485,2.6555890173401853
"PP2_H4hz_C1_21_2_17",-490.5231182391827,1.3287293447293451,2.7073181386514764
"PP2_H4hz_C1_21_2_17",-361.7976338313176,1.0223143660535243,2.691027880100319
"PP2_H4hz_C1_21_2_17",-383.5003192608173,2.198724043359016,2.432699925993643
"PP2_H4hz_C1_21_2_17",-451.64842634934644,1.26718185824127,2.6521068709026623
"PP2_H4hz_C1_21_2_17",-409.81585399921124,1.1305050651515332,2.6861564257187185
"PP2_H4hz_C1_21_2_17",-521.3576020460862,1.404956347489656,2.7320171977061136
"PP2_H4hz_C1_21_2_17",-389.8972655076247,0.899122159372314,2.642960103306837
"PP2_H4hz_C1_21_2_17",-490.9221866314228,1.6254615512257715,2.5769487070273045
"PP2_H4hz_C1_21_2_17",-265.52640474759613,1.0788792337316182,2.5638958559625964
"PP2_H4hz_C1_21_2_17",-447.82198392427887,1.413056561085955,2.561558069381613
"PP2_H4hz_C1_21_2_17",-380.56592911940356,1.8628159430429378,2.4149302889286903
"PP2_H4hz_C1_21_2_17",-507.7655498798077,1.5791500719394436,2.530694858588595
"DCG_IV",-36.40224259213147,0.9832780333773258,3.973928023715257
"DCG_IV",-44.365993059013945,2.2517348786671505,3.387907762887835
"DCG_IV",-49.72784642679283,1.5898546232527224,3.3395820891008956
"DCG_IV",-43.56110713396414,1.7051397584266057,3.40593140664854
"DCG_IV",-49.67191779755976,1.5801327520108317,3.2411695607507003
"DCG_IV",-96.20453731947211,1.2186908758409005,43.754106720658356
"DCG_IV",-44.45474936192729,2.280282204515277,3.3585081894643625
"DCG_IV",-59.24665595430777,3.230984063745018,2.827308100929611
"DCG_IV",-35.183971146663346,1.8595282868525942,4.391226560424957
"DCG_IV",-40.25037545131972,2.169791602819487,2.659374808458472
"DCG_IV",-37.785868245766935,1.658926247038312,3.5758846280167407
"DCG_IV",-44.6663054812002,2.1706555998229304,3.1987230337907593
"DCG_IV",-62.8224407059263,1.770262539585258,3.7239792964892446
"DCG_IV",-70.01413292143924,2.05399782687432,3.6251826632862505
"DCG_IV",-51.38746770729582,1.9405219577530262,3.6767955717490963
"DCG_IV",-70.75336349912848,2.134344551618085,3.2032364110808205
"DCG_IV",-58.520799614043824,2.1649988047808733,3.076630544488717
"DCG_IV",-72.4105531000996,2.629110296780789,2.334357898175574
"DCG_IV",-52.33825440425797,1.5278562143996852,2.651477696640507
"DCG_IV",-69.48159510395917,2.9575428286852574,2.7470129482071686
"DCG_IV",-48.44878299302789,2.9897096107548466,3.2887078424270726
"DCG_IV",-53.2112273562002,1.7249158405139156,3.3771528871593777
"DCG_IV",-59.59438612736554,1.9452208407748346,3.1853064752484332
"DCG_IV",-69.78069168637948,1.0506568597405248,55.89099669697278
"DCG_IV",-67.08760660483068,2.4621989049151014,3.4035838819410404
"DCG_IV",-44.53621062624502,1.7865507666304552,3.09615276268662
"DCG_IV",-54.8611219185757,2.0922293621214068,54.35567122192236
"DCG_IV",-24.00918785794323,0.6668092542112277,5.188579483236641
"DCG_IV",-31.223981029008964,1.8507077572064645,0.007498632919305238
"DCG_IV",26.085842178162352,2.3893159669016315,26.010031463888026
"DCG_IV",-63.71729877365538,6.303537702735958,35.52242319813045
"DCG_IV",-30.980813075821715,1.9677382322561585,3.7567061138163353
"DCG_IV",-40.173777546065736,1.5074132370354392,2.237259522392094
"DCG_IV",14.15480655502988,0.0662606715992979,55.3895655473345
"PP2_H1hz_C1_21_2_17",-138.11551607572116,1.1584965034964854,2.1894055944056166
"PP2_H1hz_C1_21_2_17",-107.86790114182692,1.221248606465997,2.307788926049807
"PP2_H1hz_C1_21_2_17",-172.74122208815353,1.3199240908932552,2.1950531664692563
"PP2_H1hz_C1_21_2_17",-120.83787184495192,1.1858630952380964,2.3179334554334448
"PP2_H1hz_C1_21_2_17",-204.93727463942307,1.1431174089068918,2.569433198380557
"PP2_H1hz_C1_21_2_17",-240.8893368060772,1.1012861351022367,2.4614148519149697
"PP2_H1hz_C1_21_2_17",-287.4051760160006,1.1397992035513427,2.2794636237031
"PP2_H1hz_C1_21_2_17",-164.48974609375,1.4553993993994028,2.241089089089087
"PP2_H1hz_C1_21_2_17",-260.1271256666917,1.1024078545433214,2.3767159814880414
"PP2_H1hz_C1_21_2_17",-410.1327825692984,1.1189929928000766,2.399310033143024
"PP2_H1hz_C1_21_2_17",-453.866819528433,1.150788639374514,2.46005569557758
"PP2_H1hz_C1_21_2_17",-272.4515551053561,1.168820486630034,2.4354920865079297
"PP2_H1hz_C1_21_2_17",-270.7378604595478,1.6625811282582845,2.2342793026356733
"PP2_H1hz_C1_21_2_17",-160.73374410775992,1.4991718626026114,2.2996326982466826
"PP2_H1hz_C1_21_2_17",-179.20861640343298,1.003500920412921,2.3182225338550326
"PP2_H1hz_C1_21_2_17",-309.60082244873047,0.9668367501062903,2.392721078089585
"PP2_H1hz_C1_21_2_17",-199.08023951603815,1.5760026672419372,2.2960563005150334
"PP2_H1hz_C1_21_2_17",-255.08001826359674,1.2328302321086995,2.2596880623166045
"PP2_H1hz_C1_21_2_17",-207.6251766498272,1.4003418243393526,2.2717330900615935
"PP2_H1hz_C1_21_2_17",-249.8802771935096,1.3360937308305894,2.3303230687441103
"PP2_H1hz_C1_21_2_17",-370.44820110614484,1.181859083173572,2.266336395733197
"PP2_H1hz_C1_21_2_17",-263.3197338397686,1.3088398742368783,2.2283598306878276
"PP2_H1hz_C1_21_2_17",-509.84307743952826,1.3669189676071256,2.335713117782575
"PP2_H1hz_C1_21_2_17",-279.5997109046349,1.2137120803375638,2.3616541663174533
"PP2_H1hz_C1_21_2_17",-264.5169847928561,1.534990169098137,2.241781437223699
"PP2_H1hz_C1_21_2_17",-317.8757811326247,1.1576811851851971,2.6107840792972414
"PP2_H1hz_C1_21_2_17",-361.63330841064453,1.154524553640863,2.2968658052904405
"PP2_H1hz_C1_21_2_17",-286.9474123441256,1.106250118913613,2.378527143512315
"PP2_H1hz_C1_21_2_17",-313.1807614839994,1.1217562962060583,2.3947388318830463
"PP2_H1hz_C1_21_2_17",-281.5833382239708,1.0531912559776175,2.4529848257402365
"PP2_H1hz_C1_21_2_17",-308.99047088623047,1.2972496100164337,2.5072386271209552
"PP2_H1hz_C1_21_2_17",-278.21465947077826,1.101517541062958,2.3093295000775242
"PP2_H1hz_C1_21_2_17",-381.8453427828275,1.793063294114495,2.113327629910555
"PP2_H1hz_C1_21_2_17",-419.45238905686597,1.04193992429,2.489860956424536
"PP2_H1hz_C1_21_2_17",-299.97604017991284,2.11456471124759,2.10659951577245
"PP2_H1hz_C1_21_2_17",-422.7271599402794,0.9166345505715526,2.4620966075335673
"PP2_H1hz_C1_21_2_17",-287.8629320584811,0.9927849903747529,2.4002511637212365
"PP2_H1hz_C1_21_2_17",-297.1707704984225,1.0916195210256319,2.3867729668376114
"PP2_H1hz_C1_21_2_17",-244.17583759014423,1.505256779990009,2.266614441794695
"PP2_H1hz_C1_21_2_17",-189.13855919471155,1.0042798408488125,2.3310755968169588
"PP2_H1hz_C1_21_2_17",-368.6875715989333,1.4327428252219079,2.2962089391224025
"PP2_H1hz_C1_21_2_17",-363.6873609102689,1.087032442571649,2.4383798284942033
"PP2_H1hz_C1_21_2_17",-373.6525391798753,1.0389392412118468,2.394636188417644
"PP2_H1hz_C1_21_2_17",-364.86112917386566,1.4559081071581206,2.2141844826566968
"PP2_H1hz_C1_21_2_17",-214.01038536658655,1.4565236686390564,2.4339151873767153
"PP2_H1hz_C1_21_2_17",-291.29029846191406,1.3011735702947818,2.3126020173847337
"PP2_H1hz_C1_21_2_17",-436.89432819073016,1.1351940488482115,2.3857744703139816
"PP2_H1hz_C1_21_2_17",-356.3396899883564,1.3193918249208083,2.3261026600525385
"PP2_H1hz_C1_21_2_17",-375.90613731971155,1.4608865561044468,2.329170489296621
"PP2_H1hz_C1_21_2_17",-326.1272876446064,1.0317168149618057,2.454581170548659
"PP2_H1hz_C1_21_2_17",-278.1911920400766,1.4123817056829466,2.3682445492274837
"PP2_H1hz_C1_21_2_17",-241.26493013822116,1.679547337278109,2.189227810650891
"PP2_H1hz_C1_21_2_17",-367.30252779447113,1.1944968083387266,2.3801020119586385
"PP2_H1hz_C1_21_2_17",-193.5049280019907,1.7116808948458813,2.3032858631399677
"PP2_H1hz_C1_21_2_17",-322.31258274958685,1.2316779131797604,2.349795731602808
"PP2_H1hz_C1_21_2_17",-316.90158902681793,1.1492570365415304,2.463104378166395
